"Name","HASH","CRC","Size","Encoding","Published","Filename","State"
"animals/info/en","24061b4ede09bc4864c48acbbf719895","2116941520","3249733","","True","6faae806377aa808a44185abc41b21f0","ADDED"
"animals/info/jp","9613a349c769f85ccd287f546fc9d2e6","547580387","2273455","","True","9ed2e1a6660d5c97b09c142f200af8db","ADDED"
"animals/info/vn","9ee4468474e856d18e74ad9364340bcd","238980613","7650368","","True","e390c695592fe45e12283cdc7f1f57c9","ADDED"
"animals/model/bear","6142783a8e5dffb548916c45c057d276","2579321068","1356542","","True","d6ee3a57fab50e2a49c7b38d74285b4c","ADDED"
"animals/model/buffalo","647f803e641ad200544c891984fde94f","1999230588","1084984","","True","5a6ce2ea0e0d3f7fe9c24b36545263b8","ADDED"
"animals/model/cat","da9e2b44aefda2a39a6e1b6f13c2860d","2751020814","1137144","","True","1149f79f2d51cdd73dde5242ed918bed","ADDED"
"animals/model/chameleon","06ad2e23f3205cd23f9db5d09259c4a0","2896249265","1102062","","True","c90b6a335d54468e7c841e63e35cb78a","ADDED"
"animals/model/cow","2ddaa6d495bdd2dae50a8c32f8b458d2","1248602926","780852","","True","14e6e74ba889687c7262e08853bfb065","ADDED"
"animals/model/crocodile","dbb145b7b55f8aec8add69d9d2431ac0","3739514427","1198768","","True","bb9d1e4a82a2a5d77b1caa9758915337","ADDED"
"animals/model/dog","8b09d85016340ae8cd05670bcd928a57","377781754","1582973","","True","27d473b1f79bb09f31470bc8eaf6002c","ADDED"
"animals/model/dolphin","72fe6082ed0c284671a19a17b533d254","1175583478","986539","","True","431e73bd9c98e57a388bf7fc0c76797b","ADDED"
"animals/model/eagle","ef64c426c2cc5bf1a771fa8581abefdc","1034300330","1569279","","True","0e7acec97b9d6d9a88e158b75f29a75f","ADDED"
"animals/model/elephant","5671553669f25a0013a10d7b994b88d6","3849047359","2675845","","True","bf3afb523879b69eaca61c457eaa0344","ADDED"
"animals/model/frog","6205b37494cc0f4388aa82a0b5e513eb","1656975546","577808","","True","b2fe8184a36c6ad36ea7afbb286076f8","ADDED"
"animals/model/giraffe","cc6f6ed6be69c4c9682d1726a0402f1d","3418798068","930859","","True","7fc27154db52cbd788aebf28e4e04fe3","ADDED"
"animals/model/gorilla","48242a1c32dcda99f5c01d0b5236c451","776698433","742056","","True","1b88b4f979448f1d15d50c6912ac42e6","ADDED"
"animals/model/horse","826c51e41c80ee67d676856159e2edd3","2076092600","886287","","True","0490174725aa901a733439d68035f9f4","ADDED"
"animals/model/kangaroo","d89031416d57da19cba93547219c7fe1","3042171870","718235","","True","d2a2d5555d20f8a282ab3f84cd7e28ac","ADDED"
"animals/model/lion","25d06da5ae8d3ddd62e6ead7d8dd2694","1462849469","1138679","","True","847bc4faec156a500da66c074090953d","ADDED"
"animals/model/oschich","99ec2dbf2b24a59032f4065a6f7e9a54","2381747738","605218","","True","0be677f33909871d3b9a952c85630712","ADDED"
"animals/model/owl","e862327ed3e724a7ce22e4f18c434a4b","772555711","988736","","True","8a98eac167bdf19ece1f0a83d6c4cfad","ADDED"
"animals/model/parrot","79f84c7fce7a1b571a4bcfc3b30442e2","1935454675","1014968","","True","eabd0ba92a5db7de6c072e640e90eb1f","ADDED"
"animals/model/peacock","bc55b47e6dac2785fdd2e13b8e542054","3759848806","1085422","","True","ee4b7cb5aec33b27b520ceceaa8743b9","ADDED"
"animals/model/penguin","6a04c9d78e4e2b9b49d0aa414cbbdfa8","4213447696","1051679","","True","3bdcb9f150b9e26d89dd43f878b24619","ADDED"
"animals/model/pig","b4f0a58f8c6df3b77069cc8da6f625f2","535635490","1146779","","True","79c40e485db491dc2674d14a80111055","ADDED"
"animals/model/rabbit","627b99a4b3eeef1378dead619851845c","3636324278","1180393","","True","ceff216db8c4fb6effb4fb1040a5ddbf","ADDED"
"animals/model/rhino","384c76b2f9f3d682be77abdd155add6f","1034133107","1590552","","True","2d9ee487653cb2e5c251771aa8f8ccad","ADDED"
"animals/model/rooster","af603a9e3906103970ea61df814f9d28","1360104584","1605087","","True","29a7d05c650ff12e18d5a991aee6da52","ADDED"
"animals/model/sheep","85a041170c8c1b6ad412920c0fe4ed38","2328658230","670085","","True","4de0bb61d99e04a604cde7a2c999d2b3","ADDED"
"animals/model/squirrel","7c9c7884ec77da976b0255331b1e6e98","325594370","1224341","","True","abfbc93ef1f6ac94876cfe0e3761608f","ADDED"
"animals/model/tiger","50a8036211342b90dd89df8988471ac0","2012590941","1465194","","True","a878dee65254535419552570751cd223","ADDED"
"animals/model/turtle","22ae4a8d631241092619b8bd58831793","3586356272","1686625","","True","3c79b79c2114696dba9a0ec435da3e7f","ADDED"
"animals/model/wolf","54ea36f310e297fcf93fad3042d68719","2709594833","971047","","True","f11fe2a196dcbeb412b96cb7efd62f6e","ADDED"
"animals/name/cn","414cdb25a506e0b7216b73c0d959ce69","2577951705","61412","","True","29a950e16d3fa70b19363d9c0011131b","ADDED"
"animals/name/en","e85d99aec510df61fd41f0bd6b4347e0","1780874284","177876","","True","0225caa5172cab11c9048437e42f9c8b","ADDED"
"animals/name/jp","40700d5036b2d47871bbd9f71371e734","3841857281","388511","","True","2541bbecb645b8b7d7bab746a9a9eb45","ADDED"
"animals/name/vn","043dbe763a1826e3ed8a535e77890631","3812747122","363822","","True","cb5c7ba74657b5b5cf90976eae171c90","ADDED"
"animals/noise","55459eae10a375b5de1aefd3d9b5bfa4","3713517826","560262","","True","cc18c64e675d6679bdaa848b3bf075fb","ADDED"
"encrypted/tanks/models","1d3748f19981273d0fd2daa983f6d06e","1931580046","472212","","True","60382896ebfa7aa425e56684a0eda4b9","ADDED"
"encrypted/tanks/prefabs","5e45049dca2092000fa5a114c27df018","3171490654","3249","","True","8b6938aa95599ad2fd6e6d02ff86b62c","ADDED"
"maps/sample/samplescene","1610593754d51213181d38b394243ce6","4128517283","198163","","True","fa55215b35054459a635d24c252f5c23","ADDED"
"maps/variants/assets.hd","c0fbab09ad855e268d9b60b973a20fdf","1745467299","283774","","True","70362822b099e48a4808a7d724061e8e","ADDED"
"maps/variants/assets.sd","ca8966f93c7e112e588ee634cfa91422","1970795890","31902","","True","84df04e624e36c78afa87ffb56bf8ccb","ADDED"
"maps/variants/variantscene","21bfb92f1f167bddaaedf83ef1596dc0","1155040935","195599","","True","383266677a36a7c71d680a7023a573f6","ADDED"
"models/green","9371b4873378783867dd599aff9e0714","1954260217","78831","","True","ee0489f1cdae51ed45b99df32e1c8748","ADDED"
"models/plane","7432ca7b6826c00f14ead4348370964d","1037246427","78607","","True","00725ccc9c37177a274b5a5aab31a245","ADDED"
"models/red","61923f8550acf723d032460753b8de85","723977553","78809","","True","09c21296ec320ad86514f9977d07bbc3","ADDED"

"Total Size","Updated Size","Deleted Size"
"48.54357 MB","48.54357 MB","0 MB"
